series_animedb_id,series_title,series_type,series_episodes,my_id,my_watched_episodes,my_start_date,my_finish_date,my_rated,my_score,my_storage,my_storage_value,my_status,my_comments,my_times_watched,my_rewatch_value,my_priority,my_tags,my_rewatching,my_rewatching_ep,my_discuss,my_sns,update_on_import
41380,100-man no Inochi no Ue ni Ore wa Tatteiru,TV,12,0,12,0000-00-00,0000-00-00,,6,,0.00,Completed,,0,,LOW,,0,0,1,default,0
38101,5-toubun no Hanayome,TV,12,0,12,0000-00-00,0000-00-00,,7,,0.00,Completed,,0,,LOW,,0,0,1,default,0
39783,5-toubun no Hanayome ∬,TV,12,0,0,0000-00-00,0000-00-00,,0,,0.00,Plan to Watch,,0,,LOW,,0,0,1,default,0
49520,Aharen-san wa Hakarenai,TV,12,0,12,0000-00-00,0000-00-00,,8,,0.00,Completed,,0,,LOW,,0,0,1,default,0
34881,Aho Girl,TV,12,0,12,2019-12-23,2019-12-23,,6,,0.00,Completed,,0,,LOW,,0,0,1,default,0
30123,Akagami no Shirayuki-hime,TV,12,0,0,0000-00-00,0000-00-00,,0,,0.00,Plan to Watch,,0,,LOW,,0,0,1,default,0
48553,Akebi-chan no Sailor-fuku,TV,12,0,12,0000-00-00,0000-00-00,,8,,0.00,Completed,,0,,LOW,,0,0,1,default,0
41433,Akudama Drive,TV,12,0,12,0000-00-00,0000-00-00,,9,,0.00,Completed,,0,,LOW,,0,0,1,default,0
49979,Akuyaku Reijou nanode Last Boss wo Kattemimashita,TV,0,0,2,0000-00-00,0000-00-00,,0,,0.00,Watching,,0,,LOW,,0,0,1,default,0
22147,Amagi Brilliant Park,TV,13,0,0,0000-00-00,0000-00-00,,0,,0.00,Plan to Watch,,0,,LOW,,0,0,1,default,0
6547,Angel Beats!,TV,13,0,13,0000-00-00,0000-00-00,,8,,0.00,Completed,,0,,LOW,,0,0,1,default,0
11111,Another,TV,12,0,12,0000-00-00,0000-00-00,,9,,0.00,Completed,,0,,LOW,,0,0,1,default,0
24833,Ansatsu Kyoushitsu,TV,22,0,22,0000-00-00,0000-00-00,,8,,0.00,Completed,,0,,LOW,,0,0,1,default,0
30654,Ansatsu Kyoushitsu 2nd Season,TV,25,0,25,0000-00-00,0000-00-00,,9,,0.00,Completed,,0,,LOW,,0,0,1,default,0
9919,Ao no Exorcist,TV,25,0,25,0000-00-00,0000-00-00,,8,,0.00,Completed,,0,,LOW,,0,0,1,default,0
11737,Ao no Exorcist Movie,Movie,1,0,1,0000-00-00,0000-00-00,,5,,0.00,Completed,,0,,LOW,,0,0,1,default,0
36882,Arifureta Shokugyou de Sekai Saikyou,TV,13,0,6,0000-00-00,0000-00-00,,0,,0.00,Dropped,,0,,LOW,,0,0,1,default,0
14669,Aura: Maryuuin Kouga Saigo no Tatakai,Movie,1,0,0,0000-00-00,0000-00-00,,0,,0.00,Plan to Watch,,0,,LOW,,0,0,1,default,0
5081,Bakemonogatari,TV,15,0,15,0000-00-00,0000-00-00,,8,,0.00,Completed,,0,,LOW,,0,0,1,default,0
40752,Bishounen Tanteidan,TV,12,0,0,0000-00-00,0000-00-00,,0,,0.00,Plan to Watch,,0,,LOW,,0,0,1,default,0
11633,Blood Lad,TV,10,0,10,0000-00-00,0000-00-00,,4,,0.00,Completed,,0,,LOW,,0,0,1,default,0
49596,Blue Lock,TV,24,0,0,0000-00-00,0000-00-00,,0,,0.00,Plan to Watch,,0,,LOW,,0,0,1,default,0
40060,BNA,TV,12,0,12,0000-00-00,0000-00-00,,7,,0.00,Completed,,0,,LOW,,0,0,1,default,0
47917,Bocchi the Rock!,TV,12,0,0,0000-00-00,0000-00-00,,0,,0.00,Plan to Watch,,0,,LOW,,0,0,1,default,0
31043,Boku dake ga Inai Machi,TV,12,0,12,0000-00-00,0000-00-00,,9,,0.00,Completed,,0,,LOW,,0,0,1,default,0
31964,Boku no Hero Academia,TV,13,0,13,0000-00-00,0000-00-00,,8,,0.00,Completed,,0,,LOW,,0,0,1,default,0
33486,Boku no Hero Academia 2nd Season,TV,25,0,25,0000-00-00,0000-00-00,,8,,0.00,Completed,,0,,LOW,,0,0,1,default,0
36456,Boku no Hero Academia 3rd Season,TV,25,0,25,0000-00-00,0000-00-00,,8,,0.00,Completed,,0,,LOW,,0,0,1,default,0
38408,Boku no Hero Academia 4th Season,TV,25,0,25,2020-01-20,2020-04-04,,7,,0.00,Completed,,0,,LOW,,0,0,1,default,0
41587,Boku no Hero Academia 5th Season,TV,25,0,15,0000-00-00,0000-00-00,,0,,0.00,On-Hold,,0,,LOW,,0,0,1,default,0
10719,Boku wa Tomodachi ga Sukunai,TV,12,0,0,0000-00-00,0000-00-00,,0,,0.00,Plan to Watch,,0,,LOW,,0,0,1,default,0
14345,Btooom!,TV,12,0,12,0000-00-00,0000-00-00,,7,,0.00,Completed,,0,,LOW,,0,0,1,default,0
50549,Bubble,ONA,1,0,1,0000-00-00,2022-05-25,,6,,0.00,Completed,,0,,LOW,,0,0,1,default,0
33475,Busou Shoujo Machiavellianism,TV,12,0,12,0000-00-00,0000-00-00,,7,,0.00,Completed,,0,,LOW,,0,0,1,default,0
40256,Cannon Busters,ONA,12,0,0,0000-00-00,0000-00-00,,0,,0.00,Plan to Watch,,0,,LOW,,0,0,1,default,0
232,Cardcaptor Sakura,TV,70,0,5,0000-00-00,0000-00-00,,0,,0.00,Watching,,0,,LOW,,0,0,1,default,0
28999,Charlotte,TV,13,0,13,0000-00-00,0000-00-00,,8,,0.00,Completed,,0,,LOW,,0,0,1,default,0
40960,Cheat Kusushi no Slow Life: Isekai ni Tsukurou Drugstore,TV,12,0,0,0000-00-00,0000-00-00,,0,,0.00,Plan to Watch,,0,,LOW,,0,0,1,default,0
39523,Choujin Koukousei-tachi wa Isekai demo Yoyuu de Ikinuku you desu!,TV,12,0,12,0000-00-00,2020-01-06,,7,,0.00,Completed,,0,,LOW,,0,0,1,default,0
14741,Chuunibyou demo Koi ga Shitai!,TV,12,0,12,0000-00-00,0000-00-00,,8,,0.00,Completed,,0,,LOW,,0,0,1,default,0
1575,Code Geass: Hangyaku no Lelouch,TV,25,0,25,0000-00-00,0000-00-00,,4,,0.00,Completed,,0,,LOW,,0,0,1,default,0
35756,Comic Girls,TV,12,0,0,0000-00-00,0000-00-00,,0,,0.00,Plan to Watch,,0,,LOW,,0,0,1,default,0
38940,Cop Craft,TV,12,0,3,0000-00-00,0000-00-00,,0,,0.00,Dropped,,0,,LOW,,0,0,1,default,0
16592,Danganronpa: Kibou no Gakuen to Zetsubou no Koukousei The Animation,TV,13,0,0,0000-00-00,0000-00-00,,0,,0.00,Plan to Watch,,0,,LOW,,0,0,1,default,0
11843,Danshi Koukousei no Nichijou,TV,12,0,0,0000-00-00,0000-00-00,,0,,0.00,Plan to Watch,,0,,LOW,,0,0,1,default,0
35849,Darling in the FranXX,TV,24,0,7,0000-00-00,0000-00-00,,0,,0.00,Dropped,,0,,LOW,,0,0,1,default,0
38656,Darwin's Game,TV,11,0,11,2020-03-24,2020-03-25,,7,,0.00,Completed,,0,,LOW,,0,0,1,default,0
15583,Date A Live,TV,12,0,12,0000-00-00,0000-00-00,,7,,0.00,Completed,,0,,LOW,,0,0,1,default,0
19163,Date A Live II,TV,10,0,10,0000-00-00,0000-00-00,,7,,0.00,Completed,,0,,LOW,,0,0,1,default,0
1535,Death Note,TV,37,0,37,0000-00-00,0000-00-00,,9,,0.00,Completed,,0,,LOW,,0,0,1,default,0
28223,Death Parade,TV,12,0,12,0000-00-00,0000-00-00,,9,,0.00,Completed,,0,,LOW,,0,0,1,default,0
17513,Diabolik Lovers,TV,12,0,12,0000-00-00,0000-00-00,,2,,0.00,Completed,,0,,LOW,,0,0,1,default,0
31163,Dimension W,TV,12,0,12,0000-00-00,0000-00-00,,6,,0.00,Completed,,0,,LOW,,0,0,1,default,0
37520,Dororo,TV,24,0,10,0000-00-00,0000-00-00,,0,,0.00,Watching,,0,,LOW,,0,0,1,default,0
38691,Dr. Stone,TV,24,0,24,0000-00-00,2019-12-13,,10,,0.00,Completed,,0,,LOW,,0,0,1,default,0
50612,Dr. Stone: Ryuusui,Special,1,0,0,0000-00-00,0000-00-00,,0,,0.00,Plan to Watch,,0,,LOW,,0,0,1,default,0
40852,Dr. Stone: Stone Wars,TV,11,0,11,0000-00-00,0000-00-00,,9,,0.00,Completed,,0,,LOW,,0,0,1,default,0
28121,Dungeon ni Deai wo Motomeru no wa Machigatteiru Darou ka,TV,13,0,13,0000-00-00,0000-00-00,,8,,0.00,Completed,,0,,LOW,,0,0,1,default,0
37347,Dungeon ni Deai wo Motomeru no wa Machigatteiru Darou ka II,TV,12,0,12,0000-00-00,0000-00-00,,8,,0.00,Completed,,0,,LOW,,0,0,1,default,0
40454,Dungeon ni Deai wo Motomeru no wa Machigatteiru Darou ka III,TV,12,0,12,0000-00-00,0000-00-00,,9,,0.00,Completed,,0,,LOW,,0,0,1,default,0
47164,Dungeon ni Deai wo Motomeru no wa Machigatteiru Darou ka IV: Shin Shou - Meikyuu-hen,TV,11,0,0,0000-00-00,0000-00-00,,0,,0.00,Plan to Watch,,0,,LOW,,0,0,1,default,0
226,Elfen Lied,TV,13,0,13,0000-00-00,0000-00-00,,9,,0.00,Completed,,0,,LOW,,0,0,1,default,0
51417,Engage Kiss,TV,13,0,0,0000-00-00,0000-00-00,,0,,0.00,Plan to Watch,,0,,LOW,,0,0,1,default,0
32901,Eromanga-sensei,TV,12,0,12,0000-00-00,0000-00-00,,10,,0.00,Completed,,0,,LOW,,0,0,1,default,0
36792,Eromanga-sensei OVA,OVA,2,0,2,0000-00-00,0000-00-00,,8,,0.00,Completed,,0,,LOW,,0,0,1,default,0
34662,Fate/Apocrypha,TV,25,0,25,2019-12-01,2020-01-02,,6,,0.00,Completed,,0,,LOW,,0,0,1,default,0
120,Fruits Basket,TV,26,0,0,0000-00-00,0000-00-00,,0,,0.00,Plan to Watch,,0,,LOW,,0,0,1,default,0
51212,Futoku no Guild,TV,12,0,0,0000-00-00,0000-00-00,,0,,0.00,Plan to Watch,,0,,LOW,,0,0,1,default,0
33731,Gabriel DropOut,TV,12,0,12,2020-01-05,2020-01-05,,7,,0.00,Completed,,0,,LOW,,0,0,1,default,0
28907,"Gate: Jieitai Kanochi nite, Kaku Tatakaeri",TV,12,0,12,0000-00-00,0000-00-00,,9,,0.00,Completed,,0,,LOW,,0,0,1,default,0
31637,"Gate: Jieitai Kanochi nite, Kaku Tatakaeri Part 2",TV,12,0,12,0000-00-00,0000-00-00,,9,,0.00,Completed,,0,,LOW,,0,0,1,default,0
37349,Goblin Slayer,TV,12,0,12,2020-01-06,2020-01-06,,10,,0.00,Completed,,0,,LOW,,0,0,1,default,0
47160,Goblin Slayer 2nd Season,TV,0,0,0,0000-00-00,0000-00-00,,0,,0.00,Plan to Watch,,0,,LOW,,0,0,1,default,0
39576,Goblin Slayer: Goblin's Crown,Movie,1,0,1,0000-00-00,0000-00-00,,8,,0.00,Completed,,0,,LOW,,0,0,1,default,0
245,Great Teacher Onizuka,TV,43,0,22,0000-00-00,0000-00-00,,0,,0.00,On-Hold,,0,,LOW,,0,0,1,default,0
30721,Hacka Doll The Animation,TV,13,0,13,0000-00-00,0000-00-00,,5,,0.00,Completed,,0,,LOW,,0,0,1,default,0
37517,Happy Sugar Life,TV,12,0,12,2020-03-25,2020-04-02,,7,,0.00,Completed,,0,,LOW,,0,0,1,default,0
48413,Hataraku Maou-sama!!,TV,12,0,0,0000-00-00,0000-00-00,,0,,0.00,Plan to Watch,,0,,LOW,,0,0,1,default,0
37141,Hataraku Saibou,TV,13,0,13,0000-00-00,0000-00-00,,10,,0.00,Completed,,0,,LOW,,0,0,1,default,0
41694,Hataraku Saibou Black,TV,13,0,13,0000-00-00,0000-00-00,,8,,0.00,Completed,,0,,LOW,,0,0,1,default,0
39586,Hataraku Saibou!!,TV,8,0,8,0000-00-00,0000-00-00,,9,,0.00,Completed,,0,,LOW,,0,0,1,default,0
48857,Healer Girl,TV,12,0,0,0000-00-00,0000-00-00,,0,,0.00,Plan to Watch,,0,,LOW,,0,0,1,default,0
42625,Heion Sedai no Idaten-tachi,TV,11,0,0,0000-00-00,0000-00-00,,0,,0.00,Plan to Watch,,0,,LOW,,0,0,1,default,0
934,Higurashi no Naku Koro ni,TV,26,0,26,2020-01-08,2020-01-14,,8,,0.00,Completed,,0,,LOW,,0,0,1,default,0
1889,Higurashi no Naku Koro ni Kai,TV,24,0,0,0000-00-00,0000-00-00,,0,,0.00,Plan to Watch,,0,,LOW,,0,0,1,default,0
3652,Higurashi no Naku Koro ni Rei,OVA,5,0,5,2020-01-10,2020-01-10,,7,,0.00,Completed,,0,,LOW,,0,0,1,default,0
22835,Himegoto,TV,13,0,13,0000-00-00,2020-01-04,,6,,0.00,Completed,,0,,LOW,,0,0,1,default,0
39468,Honzuki no Gekokujou: Shisho ni Naru Tame ni wa Shudan wo Erandeiraremasen,TV,14,0,14,0000-00-00,0000-00-00,,9,,0.00,Completed,,0,,LOW,,0,0,1,default,0
40815,Honzuki no Gekokujou: Shisho ni Naru Tame ni wa Shudan wo Erandeiraremasen 2nd Season,TV,12,0,12,0000-00-00,0000-00-00,,9,,0.00,Completed,,0,,LOW,,0,0,1,default,0
42429,Honzuki no Gekokujou: Shisho ni Naru Tame ni wa Shudan wo Erandeiraremasen 3rd Season,TV,10,0,10,0000-00-00,0000-00-00,,9,,0.00,Completed,,0,,LOW,,0,0,1,default,0
11061,Hunter x Hunter (2011),TV,148,0,148,2020-04-15,0000-00-00,,9,,0.00,Completed,,0,,LOW,,0,0,1,default,0
42361,"Ijiranaide, Nagatoro-san",TV,12,0,12,0000-00-00,0000-00-00,,5,,0.00,Completed,,0,,LOW,,0,0,1,default,0
37497,Irozuku Sekai no Ashita kara,TV,13,0,13,0000-00-00,0000-00-00,,8,,0.00,Completed,,0,,LOW,,0,0,0,default,0
37210,Isekai Maou to Shoukan Shoujo no Dorei Majutsu,TV,12,0,12,0000-00-00,0000-00-00,,8,,0.00,Completed,,0,,LOW,,0,0,1,default,0
41623,Isekai Maou to Shoukan Shoujo no Dorei Majutsu Ω,TV,10,0,0,0000-00-00,0000-00-00,,0,,0.00,Plan to Watch,,0,,LOW,,0,0,1,default,0
44524,Isekai Meikyuu de Harem wo,TV,12,0,0,0000-00-00,0000-00-00,,0,,0.00,Plan to Watch,,0,,LOW,,0,0,1,default,0
49220,Isekai Ojisan,TV,13,0,7,0000-00-00,0000-00-00,,0,,0.00,Watching,,0,,LOW,,0,0,1,default,0
38472,Isekai Quartet,TV,12,0,12,2020-02-01,2020-02-02,,5,,0.00,Completed,,0,,LOW,,0,0,1,default,0
49438,Isekai Yakkyoku,TV,12,0,12,0000-00-00,0000-00-00,,9,,0.00,Completed,,0,,LOW,,0,0,1,default,0
40010,Ishuzoku Reviewers,TV,12,0,12,2020-02-10,2020-03-30,,8,,0.00,Completed,,0,,LOW,,0,0,1,default,0
38790,Itai no wa Iya nano de Bougyoryoku ni Kyokufuri Shitai to Omoimasu.,TV,12,0,12,2020-02-05,2020-03-28,,9,,0.00,Completed,,0,,LOW,,0,0,1,default,0
48753,Jahy-sama wa Kujikenai!,TV,20,0,20,0000-00-00,0000-00-00,,8,,0.00,Completed,,0,,LOW,,0,0,1,default,0
36906,Jashin-chan Dropkick,TV,11,0,5,0000-00-00,0000-00-00,,0,,0.00,Watching,,0,,LOW,,0,0,1,default,0
48561,Jujutsu Kaisen 0 Movie,Movie,1,0,1,0000-00-00,0000-00-00,,6,,0.00,Completed,,0,,LOW,,0,0,1,default,0
43691,Kageki Shoujo!!,TV,13,0,0,0000-00-00,0000-00-00,,0,,0.00,Plan to Watch,,0,,LOW,,0,0,1,default,0
37999,Kaguya-sama wa Kokurasetai: Tensai-tachi no Renai Zunousen,TV,12,0,12,0000-00-00,0000-00-00,,8,,0.00,Completed,,0,,LOW,,0,0,1,default,0
40591,Kaguya-sama wa Kokurasetai? Tensai-tachi no Renai Zunousen,TV,12,0,0,0000-00-00,0000-00-00,,0,,0.00,Plan to Watch,,0,,LOW,,0,0,1,default,0
40750,Kaifuku Jutsushi no Yarinaoshi,TV,12,0,12,0000-00-00,0000-00-00,,4,,0.00,Completed,,0,,LOW,,0,0,1,default,0
34933,Kakegurui,TV,12,0,12,0000-00-00,0000-00-00,,8,,0.00,Completed,,0,,LOW,,0,0,1,default,0
41312,Kami-tachi ni Hirowareta Otoko,TV,12,0,12,0000-00-00,0000-00-00,,7,,0.00,Completed,,0,,LOW,,0,0,1,default,0
49109,Kami-tachi ni Hirowareta Otoko 2nd Season,TV,0,0,0,0000-00-00,0000-00-00,,0,,0.00,Plan to Watch,,0,,LOW,,0,0,1,default,0
41930,Kamisama ni Natta Hi,TV,12,0,0,0000-00-00,0000-00-00,,0,,0.00,Plan to Watch,,0,,LOW,,0,0,1,default,0
43969,Kanojo mo Kanojo,TV,12,0,0,0000-00-00,0000-00-00,,0,,0.00,Plan to Watch,,0,,LOW,,0,0,1,default,0
40839,"Kanojo, Okarishimasu",TV,12,0,0,0000-00-00,0000-00-00,,0,,0.00,Plan to Watch,,0,,LOW,,0,0,1,default,0
45613,Kawaii dake ja Nai Shikimori-san,TV,12,0,12,2022-04-14,0000-00-00,,8,,0.00,Completed,,0,,LOW,,0,0,1,default,0
39326,Kawaikereba Hentai demo Suki ni Natte Kuremasu ka?,TV,12,0,12,2021-05-05,2021-05-06,,7,,0.00,Completed,,0,,LOW,,0,0,1,default,0
32686,Keijo!!!!!!!!,TV,12,0,0,0000-00-00,0000-00-00,,0,,0.00,Plan to Watch,,0,,LOW,,0,0,1,default,0
38000,Kimetsu no Yaiba,TV,26,0,26,0000-00-00,0000-00-00,,10,,0.00,Completed,,0,,LOW,,0,0,1,default,0
40456,Kimetsu no Yaiba Movie: Mugen Ressha-hen,Movie,1,0,1,0000-00-00,0000-00-00,,9,,0.00,Completed,,0,,LOW,,0,0,1,default,0
47778,Kimetsu no Yaiba: Yuukaku-hen,TV,11,0,11,0000-00-00,0000-00-00,,10,,0.00,Completed,,0,,LOW,,0,0,1,default,0
32281,Kimi no Na wa.,Movie,1,0,1,0000-00-00,0000-00-00,,8,,0.00,Completed,,0,,LOW,,0,0,1,default,0
22535,Kiseijuu: Sei no Kakuritsu,TV,24,0,24,2020-02-01,2020-02-04,,9,,0.00,Completed,,0,,LOW,,0,0,1,default,0
37475,Kishuku Gakkou no Juliet,TV,12,0,12,2020-03-14,2020-03-24,,8,,0.00,Completed,,0,,LOW,,0,0,1,default,0
31798,Kiznaiver,TV,12,0,12,0000-00-00,0000-00-00,,7,,0.00,Completed,,0,,LOW,,0,0,1,default,0
33206,Kobayashi-san Chi no Maid Dragon,TV,13,0,13,2020-02-06,2020-02-09,,8,,0.00,Completed,,0,,LOW,,0,0,1,default,0
39247,Kobayashi-san Chi no Maid Dragon S,TV,12,0,12,0000-00-00,0000-00-00,,9,,0.00,Completed,,0,,LOW,,0,0,1,default,0
49893,Kobayashi-san Chi no Maid Dragon S: Nippon no Omotenashi - Attend wa Dragon Desu,Special,1,0,0,0000-00-00,0000-00-00,,0,,0.00,Plan to Watch,,0,,LOW,,0,0,1,default,0
28851,Koe no Katachi,Movie,1,0,1,0000-00-00,0000-00-00,,8,,0.00,Completed,,0,,LOW,,0,0,1,default,0
48643,Koi wa Sekai Seifuku no Ato de,TV,12,0,12,2022-04-15,0000-00-00,,7,,0.00,Completed,,0,,LOW,,0,0,1,default,0
48926,"Komi-san wa, Comyushou desu.",TV,12,0,8,0000-00-00,0000-00-00,,0,,0.00,Watching,,0,,LOW,,0,0,1,default,0
48742,"Kono Healer, Mendokusai",TV,12,0,12,2022-04-14,2022-04-14,,10,,0.00,Completed,,0,,LOW,,0,0,1,default,0
30831,Kono Subarashii Sekai ni Shukufuku wo!,TV,10,0,10,0000-00-00,0000-00-00,,8,,0.00,Completed,,0,,LOW,,0,0,1,default,0
32937,Kono Subarashii Sekai ni Shukufuku wo! 2,TV,10,0,10,0000-00-00,0000-00-00,,8,,0.00,Completed,,0,,LOW,,0,0,1,default,0
38040,Kono Subarashii Sekai ni Shukufuku wo! Movie: Kurenai Densetsu,Movie,1,0,1,0000-00-00,0000-00-00,,8,,0.00,Completed,,0,,LOW,,0,0,1,default,0
40974,Kuma Kuma Kuma Bear,TV,12,0,12,0000-00-00,0000-00-00,,8,,0.00,Completed,,0,,LOW,,0,0,1,default,0
45486,Kuma Kuma Kuma Bear 2nd Season,TV,0,0,0,0000-00-00,0000-00-00,,0,,0.00,Plan to Watch,,0,,LOW,,0,0,1,default,0
37984,"Kumo Desu ga, Nani ka?",TV,24,0,24,0000-00-00,0000-00-00,,7,,0.00,Completed,,0,,LOW,,0,0,1,default,0
50338,Kunoichi Tsubaki no Mune no Uchi,TV,13,0,13,0000-00-00,0000-00-00,,8,,0.00,Completed,,0,,LOW,,0,0,1,default,0
39017,Kyokou Suiri,TV,12,0,4,2020-02-12,0000-00-00,,0,,0.00,Dropped,,0,,LOW,,0,0,1,default,0
18153,Kyoukai no Kanata,TV,12,0,2,2020-07-15,0000-00-00,,0,,0.00,Dropped,,0,,LOW,,0,0,1,default,0
44276,Kyuukyoku Shinka shita Full Dive RPG ga Genjitsu yori mo Kusoge Dattara,TV,12,0,12,0000-00-00,0000-00-00,,7,,0.00,Completed,,0,,LOW,,0,0,1,default,0
17265,Log Horizon,TV,25,0,3,0000-00-00,0000-00-00,,0,,0.00,Dropped,,0,,LOW,,0,0,1,default,0
39071,Machikado Mazoku,TV,12,0,12,0000-00-00,0000-00-00,,10,,0.00,Completed,,0,,LOW,,0,0,1,default,0
42745,Machikado Mazoku: 2-choume,TV,12,0,10,0000-00-00,0000-00-00,,0,,0.00,Watching,,0,,LOW,,0,0,1,default,0
3572,Macross F,TV,25,0,25,2019-12-07,2019-12-07,,5,,0.00,Completed,,0,,LOW,,0,0,1,default,0
34599,Made in Abyss,TV,13,0,13,2020-01-22,2020-01-31,,9,,0.00,Completed,,0,,LOW,,0,0,1,default,0
36862,Made in Abyss Movie 3: Fukaki Tamashii no Reimei,Movie,1,0,1,0000-00-00,0000-00-00,,9,,0.00,Completed,,0,,LOW,,0,0,1,default,0
41084,Made in Abyss: Retsujitsu no Ougonkyou,TV,12,0,5,0000-00-00,0000-00-00,,0,,0.00,Watching,,0,,LOW,,0,0,1,default,0
9756,Mahou Shoujo Madoka★Magica,TV,12,0,0,0000-00-00,0000-00-00,,0,,0.00,Plan to Watch,,0,,LOW,,0,0,1,default,0
36266,Mahou Shoujo Site,TV,12,0,12,0000-00-00,0000-00-00,,6,,0.00,Completed,,0,,LOW,,0,0,1,default,0
35062,Mahoutsukai no Yome,TV,24,0,24,0000-00-00,0000-00-00,,10,,0.00,Completed,,0,,LOW,,0,0,1,default,0
52955,Mahoutsukai no Yome Season 2,TV,0,0,0,0000-00-00,0000-00-00,,0,,0.00,Plan to Watch,,0,,LOW,,0,0,1,default,0
32902,Mahoutsukai no Yome: Hoshi Matsu Hito,OVA,3,0,3,0000-00-00,0000-00-00,,9,,0.00,Completed,,0,,LOW,,0,0,1,default,0
48438,Mahoutsukai no Yome: Nishi no Shounen to Seiran no Kishi,OVA,3,0,0,0000-00-00,0000-00-00,,0,,0.00,Plan to Watch,,0,,LOW,,0,0,1,default,0
39196,Mairimashita! Iruma-kun,TV,23,0,23,0000-00-00,2020-03-07,,9,,0.00,Completed,,0,,LOW,,0,0,1,default,0
41402,Mairimashita! Iruma-kun 2nd Season,TV,21,0,21,0000-00-00,0000-00-00,,7,,0.00,Completed,,0,,LOW,,0,0,1,default,0
49784,Mairimashita! Iruma-kun 3rd Season,TV,21,0,3,0000-00-00,0000-00-00,,0,,0.00,Watching,,0,,LOW,,0,0,1,default,0
40571,Majo no Tabitabi,TV,12,0,12,0000-00-00,0000-00-00,,8,,0.00,Completed,,0,,LOW,,0,0,1,default,0
40496,"Maou Gakuin no Futekigousha: Shijou Saikyou no Maou no Shiso, Tensei shite Shison-tachi no Gakkou e Kayou",TV,13,0,13,0000-00-00,0000-00-00,,6,,0.00,Completed,,0,,LOW,,0,0,1,default,0
38297,"Maou-sama, Retry!",TV,12,0,0,0000-00-00,0000-00-00,,0,,0.00,Plan to Watch,,0,,LOW,,0,0,1,default,0
40397,Maoujou de Oyasumi,TV,12,0,12,0000-00-00,0000-00-00,,9,,0.00,Completed,,0,,LOW,,0,0,1,default,0
41812,Megami-ryou no Ryoubo-kun.,TV,10,0,0,0000-00-00,0000-00-00,,0,,0.00,Plan to Watch,,0,,LOW,,0,0,1,default,0
48483,Mieruko-chan,TV,12,0,12,2022-04-15,0000-00-00,,8,,0.00,Completed,,0,,LOW,,0,0,1,default,0
10620,Mirai Nikki (TV),TV,26,0,26,0000-00-00,0000-00-00,,7,,0.00,Completed,,0,,LOW,,0,0,1,default,0
38935,Miru Tights,ONA,12,0,12,0000-00-00,0000-00-00,,0,,0.00,Completed,,0,,LOW,,0,0,1,default,0
8424,MM!,TV,12,0,12,2020-01-04,2020-01-05,,7,,0.00,Completed,,0,,LOW,,0,0,1,default,0
40434,Mo Dao Zu Shi: Wanjie Pian,ONA,12,0,0,0000-00-00,0000-00-00,,0,,0.00,Plan to Watch,,0,,LOW,,0,0,1,default,0
37510,Mob Psycho 100 II,TV,13,0,0,0000-00-00,0000-00-00,,0,,0.00,Plan to Watch,,0,,LOW,,0,0,1,default,0
15315,Mondaiji-tachi ga Isekai kara Kuru Sou Desu yo?,TV,10,0,5,0000-00-00,0000-00-00,,0,,0.00,Dropped,,0,,LOW,,0,0,1,default,0
164,Mononoke Hime,Movie,1,0,1,0000-00-00,0000-00-00,,8,,0.00,Completed,,0,,LOW,,0,0,1,default,0
40708,Monster Musume no Oishasan,TV,12,0,12,0000-00-00,0000-00-00,,6,,0.00,Completed,,0,,LOW,,0,0,1,default,0
41619,Munou na Nana,TV,13,0,13,0000-00-00,0000-00-00,,9,,0.00,Completed,,0,,LOW,,0,0,1,default,0
40483,Murenase! Seton Gakuen,TV,12,0,12,2020-02-01,2020-03-25,,8,,0.00,Completed,,0,,LOW,,0,0,1,default,0
39535,Mushoku Tensei: Isekai Ittara Honki Dasu,TV,11,0,11,0000-00-00,0000-00-00,,9,,0.00,Completed,,0,,LOW,,0,0,1,default,0
45576,Mushoku Tensei: Isekai Ittara Honki Dasu Part 2,TV,12,0,12,0000-00-00,0000-00-00,,9,,0.00,Completed,,0,,LOW,,0,0,1,default,0
41168,Nakitai Watashi wa Neko wo Kaburu,Movie,1,0,1,0000-00-00,2022-04-14,,5,,0.00,Completed,,0,,LOW,,0,0,1,default,0
16910,Namiuchigiwa no Muromi-san,TV,13,0,0,0000-00-00,0000-00-00,,0,,0.00,Plan to Watch,,0,,LOW,,0,0,1,default,0
23755,Nanatsu no Taizai,TV,24,0,24,0000-00-00,0000-00-00,,8,,0.00,Completed,,0,,LOW,,0,0,1,default,0
34577,Nanatsu no Taizai: Imashime no Fukkatsu,TV,24,0,24,0000-00-00,0000-00-00,,8,,0.00,Completed,,0,,LOW,,0,0,1,default,0
31722,Nanatsu no Taizai: Seisen no Shirushi,TV,4,0,4,0000-00-00,0000-00-00,,7,,0.00,Completed,,0,,LOW,,0,0,1,default,0
30016,Nanbaka,TV,13,0,13,0000-00-00,0000-00-00,,8,,0.00,Completed,,0,,LOW,,0,0,1,default,0
34414,Nanbaka 2,ONA,12,0,12,0000-00-00,0000-00-00,,8,,0.00,Completed,,0,,LOW,,0,0,1,default,0
38924,Nekopara,TV,12,0,0,0000-00-00,0000-00-00,,0,,0.00,Plan to Watch,,0,,LOW,,0,0,1,default,0
36038,Net-juu no Susume,TV,10,0,10,0000-00-00,0000-00-00,,9,,0.00,Completed,,0,,LOW,,0,0,1,default,0
31404,Netoge no Yome wa Onnanoko ja Nai to Omotta?,TV,12,0,12,0000-00-00,0000-00-00,,6,,0.00,Completed,,0,,LOW,,0,0,1,default,0
19815,No Game No Life,TV,12,0,12,0000-00-00,0000-00-00,,8,,0.00,Completed,,0,,LOW,,0,0,1,default,0
33674,No Game No Life: Zero,Movie,1,0,1,0000-00-00,0000-00-00,,8,,0.00,Completed,,0,,LOW,,0,0,1,default,0
17549,Non Non Biyori,TV,12,0,12,0000-00-00,2021-04-29,,7,,0.00,Completed,,0,,LOW,,0,0,1,default,0
23623,Non Non Biyori Repeat,TV,12,0,8,0000-00-00,0000-00-00,,0,,0.00,Watching,,0,,LOW,,0,0,1,default,0
21,One Piece,TV,0,0,0,0000-00-00,0000-00-00,,0,,0.00,Plan to Watch,,0,,LOW,,0,0,1,default,0
30276,One Punch Man,TV,12,0,12,0000-00-00,0000-00-00,,10,,0.00,Completed,,0,,LOW,,0,0,1,default,0
34134,One Punch Man 2nd Season,TV,12,0,12,0000-00-00,0000-00-00,,9,,0.00,Completed,,0,,LOW,,0,0,1,default,0
41899,Ore dake Haireru Kakushi Dungeon,TV,12,0,12,0000-00-00,0000-00-00,,5,,0.00,Completed,,0,,LOW,,0,0,1,default,0
35484,Osake wa Fuufu ni Natte kara,TV,13,0,0,0000-00-00,0000-00-00,,0,,0.00,Plan to Watch,,0,,LOW,,0,0,1,default,0
38555,Otome Game no Hametsu Flag shika Nai Akuyaku Reijou ni Tensei shiteshimatta...,TV,12,0,12,0000-00-00,0000-00-00,,6,,0.00,Completed,,0,,LOW,,0,0,1,default,0
42282,Otome Game no Hametsu Flag shika Nai Akuyaku Reijou ni Tensei shiteshimatta... X,TV,12,0,0,0000-00-00,0000-00-00,,0,,0.00,Plan to Watch,,0,,LOW,,0,0,1,default,0
50461,Otome Game Sekai wa Mob ni Kibishii Sekai desu,TV,12,0,0,0000-00-00,0000-00-00,,0,,0.00,Plan to Watch,,0,,LOW,,0,0,1,default,0
40834,Ousama Ranking,TV,23,0,23,0000-00-00,0000-00-00,,7,,0.00,Completed,,0,,LOW,,0,0,1,default,0
19369,Outbreak Company,TV,12,0,12,0000-00-00,0000-00-00,,7,,0.00,Completed,,0,,LOW,,0,0,1,default,0
29803,Overlord,TV,13,0,13,2020-04-02,2020-04-03,,9,,0.00,Completed,,0,,LOW,,0,0,1,default,0
35073,Overlord II,TV,13,0,13,2020-04-07,2020-04-09,,9,,0.00,Completed,,0,,LOW,,0,0,1,default,0
37675,Overlord III,TV,13,0,13,2020-04-09,2020-04-15,,9,,0.00,Completed,,0,,LOW,,0,0,1,default,0
48895,Overlord IV,TV,13,0,13,0000-00-00,0000-00-00,,8,,0.00,Completed,,0,,LOW,,0,0,1,default,0
26243,Owari no Seraph,TV,12,0,12,0000-00-00,0000-00-00,,4,,0.00,Completed,,0,,LOW,,0,0,1,default,0
37522,Pet,TV,13,0,0,0000-00-00,0000-00-00,,0,,0.00,Plan to Watch,,0,,LOW,,0,0,1,default,0
39292,Princess Connect! Re:Dive,TV,13,0,10,0000-00-00,0000-00-00,,0,,0.00,On-Hold,,0,,LOW,,0,0,1,default,0
30240,Prison School,TV,12,0,12,0000-00-00,2020-01-06,,6,,0.00,Completed,,0,,LOW,,0,0,1,default,0
13601,Psycho-Pass,TV,22,0,22,0000-00-00,0000-00-00,,8,,0.00,Completed,,0,,LOW,,0,0,1,default,0
23281,Psycho-Pass 2,TV,11,0,11,0000-00-00,0000-00-00,,8,,0.00,Completed,,0,,LOW,,0,0,1,default,0
39491,Psycho-Pass 3,TV,8,0,8,2020-01-14,0000-00-00,,6,,0.00,Completed,,0,,LOW,,0,0,1,default,0
37440,Psycho-Pass: Sinners of the System Case.1 - Tsumi to Batsu,Movie,1,0,1,2020-01-06,2020-01-06,,7,,0.00,Completed,,0,,LOW,,0,0,1,default,0
33926,Quanzhi Gaoshou,ONA,12,0,0,0000-00-00,0000-00-00,,0,,0.00,Plan to Watch,,0,,LOW,,0,0,1,default,0
37202,Radiant,TV,21,0,6,2020-02-14,0000-00-00,,0,,0.00,Dropped,,0,,LOW,,0,0,1,default,0
39355,Radiant 2nd Season,TV,21,0,0,0000-00-00,0000-00-00,,0,,0.00,Plan to Watch,,0,,LOW,,0,0,1,default,0
6114,Rainbow: Nisha Rokubou no Shichinin,TV,26,0,2,0000-00-00,0000-00-00,,0,,0.00,Dropped,,0,,LOW,,0,0,1,default,0
31240,Re:Zero kara Hajimeru Isekai Seikatsu,TV,25,0,25,0000-00-00,0000-00-00,,8,,0.00,Completed,,0,,LOW,,0,0,1,default,0
39587,Re:Zero kara Hajimeru Isekai Seikatsu 2nd Season,TV,13,0,13,0000-00-00,0000-00-00,,5,,0.00,Completed,,0,,LOW,,0,0,1,default,0
37221,Release the Spyce,TV,12,0,2,0000-00-00,0000-00-00,,0,,0.00,Dropped,,0,,LOW,,0,0,1,default,0
38992,Rikei ga Koi ni Ochita no de Shoumei shitemita.,TV,12,0,4,2020-04-04,0000-00-00,,0,,0.00,Dropped,,0,,LOW,,0,0,1,default,0
32951,Rokudenashi Majutsu Koushi to Akashic Records,TV,12,0,0,0000-00-00,0000-00-00,,0,,0.00,Plan to Watch,,0,,LOW,,0,0,1,default,0
48363,RPG Fudousan,TV,12,0,0,0000-00-00,0000-00-00,,0,,0.00,Plan to Watch,,0,,LOW,,0,0,1,default,0
35905,Ryuuou no Oshigoto!,TV,12,0,0,0000-00-00,0000-00-00,,0,,0.00,Plan to Watch,,0,,LOW,,0,0,1,default,0
33255,Saiki Kusuo no Ψ-nan,TV,120,0,120,0000-00-00,0000-00-00,,10,,0.00,Completed,,0,,LOW,,0,0,1,default,0
34612,Saiki Kusuo no Ψ-nan 2,TV,24,0,24,0000-00-00,2020-08-01,,9,,0.00,Completed,,0,,LOW,,0,0,1,default,0
51837,Saikin Yatotta Maid ga Ayashii,TV,11,0,0,0000-00-00,0000-00-00,,0,,0.00,Plan to Watch,,0,,LOW,,0,0,1,default,0
5671,Saki,TV,25,0,0,0000-00-00,0000-00-00,,0,,0.00,Plan to Watch,,0,,LOW,,0,0,1,default,0
13759,Sakura-sou no Pet na Kanojo,TV,24,0,20,0000-00-00,0000-00-00,,0,,0.00,Dropped,,0,,LOW,,0,0,1,default,0
35994,Satsuriku no Tenshi,TV,16,0,12,0000-00-00,0000-00-00,,8,,0.00,Completed,,0,,LOW,,0,0,1,default,0
37450,Seishun Buta Yarou wa Bunny Girl Senpai no Yume wo Minai,TV,13,0,0,0000-00-00,0000-00-00,,0,,0.00,Plan to Watch,,0,,LOW,,0,0,1,default,0
20973,Sekai Seifuku: Bouryaku no Zvezda,TV,12,0,0,0000-00-00,0000-00-00,,0,,0.00,Plan to Watch,,0,,LOW,,0,0,1,default,0
42351,Senpai ga Uzai Kouhai no Hanashi,TV,12,0,12,0000-00-00,0000-00-00,,10,,0.00,Completed,,0,,LOW,,0,0,1,default,0
38787,Senryuu Shoujo,TV,12,0,12,0000-00-00,0000-00-00,,6,,0.00,Completed,,0,,LOW,,0,0,1,default,0
41456,"Sentouin, Hakenshimasu!",TV,12,0,12,0000-00-00,0000-00-00,,7,,0.00,Completed,,0,,LOW,,0,0,1,default,0
38759,Sewayaki Kitsune no Senko-san,TV,12,0,12,0000-00-00,0000-00-00,,9,,0.00,Completed,,0,,LOW,,0,0,1,default,0
23273,Shigatsu wa Kimi no Uso,TV,22,0,18,0000-00-00,0000-00-00,,0,,0.00,Dropped,,0,,LOW,,0,0,1,default,0
47161,Shikkakumon no Saikyou Kenja,TV,12,0,3,0000-00-00,0000-00-00,,0,,0.00,Watching,,0,,LOW,,0,0,1,default,0
38659,Shinchou Yuusha: Kono Yuusha ga Ore Tueee Kuse ni Shinchou Sugiru,TV,12,0,12,2019-12-01,2020-01-01,,8,,0.00,Completed,,0,,LOW,,0,0,1,default,0
30736,Shingeki no Bahamut: Virgin Soul,TV,24,0,0,0000-00-00,0000-00-00,,0,,0.00,Plan to Watch,,0,,LOW,,0,0,1,default,0
47162,Shokei Shoujo no Virgin Road,TV,12,0,0,0000-00-00,0000-00-00,,0,,0.00,Plan to Watch,,0,,LOW,,0,0,1,default,0
32175,Shounen Maid,TV,12,0,0,0000-00-00,0000-00-00,,0,,0.00,Plan to Watch,,0,,LOW,,0,0,1,default,0
42923,SK∞,TV,12,0,12,0000-00-00,0000-00-00,,6,,0.00,Completed,,0,,LOW,,0,0,1,default,0
40586,"Slime Taoshite 300-nen, Shiranai Uchi ni Level Max ni Nattemashita",TV,12,0,9,0000-00-00,0000-00-00,,0,,0.00,Dropped,,0,,LOW,,0,0,1,default,0
39575,Somali to Mori no Kamisama,TV,12,0,12,0000-00-00,0000-00-00,,9,,0.00,Completed,,0,,LOW,,0,0,1,default,0
48736,Sono Bisque Doll wa Koi wo Suru,TV,12,0,12,0000-00-00,0000-00-00,,9,,0.00,Completed,,0,,LOW,,0,0,1,default,0
35839,Sora yori mo Tooi Basho,TV,13,0,13,0000-00-00,0000-00-00,,7,,0.00,Completed,,0,,LOW,,0,0,1,default,0
45653,Soredemo Ayumu wa Yosetekuru,TV,12,0,3,0000-00-00,0000-00-00,,0,,0.00,Watching,,0,,LOW,,0,0,1,default,0
50265,Spy x Family,TV,12,0,12,0000-00-00,0000-00-00,,9,,0.00,Completed,,0,,LOW,,0,0,1,default,0
50602,Spy x Family Part 2,TV,13,0,3,0000-00-00,0000-00-00,,0,,0.00,Watching,,0,,LOW,,0,0,1,default,0
9253,Steins;Gate,TV,24,0,24,0000-00-00,0000-00-00,,9,,0.00,Completed,,0,,LOW,,0,0,1,default,0
30484,Steins;Gate 0,TV,23,0,23,0000-00-00,0000-00-00,,8,,0.00,Completed,,0,,LOW,,0,0,1,default,0
16524,Suisei no Gargantia,TV,13,0,0,0000-00-00,0000-00-00,,0,,0.00,Plan to Watch,,0,,LOW,,0,0,1,default,0
11757,Sword Art Online,TV,25,0,25,0000-00-00,0000-00-00,,9,,0.00,Completed,,0,,LOW,,0,0,1,default,0
36475,Sword Art Online Alternative: Gun Gale Online,TV,12,0,12,0000-00-00,0000-00-00,,9,,0.00,Completed,,0,,LOW,,0,0,1,default,0
21881,Sword Art Online II,TV,24,0,24,0000-00-00,0000-00-00,,8,,0.00,Completed,,0,,LOW,,0,0,1,default,0
36474,Sword Art Online: Alicization,TV,24,0,24,0000-00-00,0000-00-00,,7,,0.00,Completed,,0,,LOW,,0,0,1,default,0
39597,Sword Art Online: Alicization - War of Underworld,TV,12,0,12,0000-00-00,2020-02-09,,7,,0.00,Completed,,0,,LOW,,0,0,1,default,0
40540,Sword Art Online: Alicization - War of Underworld 2nd Season,TV,11,0,11,0000-00-00,0000-00-00,,7,,0.00,Completed,,0,,LOW,,0,0,1,default,0
48556,Takt Op. Destiny,TV,12,0,2,0000-00-00,0000-00-00,,0,,0.00,Dropped,,0,,LOW,,0,0,1,default,0
46471,"Tantei wa Mou, Shindeiru.",TV,12,0,5,0000-00-00,0000-00-00,,0,,0.00,Dropped,,0,,LOW,,0,0,1,default,0
35790,Tate no Yuusha no Nariagari,TV,25,0,25,0000-00-00,0000-00-00,,7,,0.00,Completed,,0,,LOW,,0,0,1,default,0
40356,Tate no Yuusha no Nariagari Season 2,TV,13,0,3,0000-00-00,0000-00-00,,0,,0.00,Watching,,0,,LOW,,0,0,1,default,0
40594,Tatoeba Last Dungeon Mae no Mura no Shounen ga Joban no Machi de Kurasu Youna Monogatari,TV,12,0,12,0000-00-00,0000-00-00,,7,,0.00,Completed,,0,,LOW,,0,0,1,default,0
49891,Tensei shitara Ken Deshita,TV,12,0,4,0000-00-00,0000-00-00,,0,,0.00,Watching,,0,,LOW,,0,0,1,default,0
37430,Tensei shitara Slime Datta Ken,TV,24,0,24,0000-00-00,0000-00-00,,10,,0.00,Completed,,0,,LOW,,0,0,1,default,0
39551,Tensei shitara Slime Datta Ken 2nd Season,TV,12,0,12,0000-00-00,0000-00-00,,10,,0.00,Completed,,0,,LOW,,0,0,1,default,0
41487,Tensei shitara Slime Datta Ken 2nd Season Part 2,TV,12,0,12,0000-00-00,0000-00-00,,7,,0.00,Completed,,0,,LOW,,0,0,1,default,0
38793,Tensei shitara Slime Datta Ken OVA,OVA,5,0,3,0000-00-00,0000-00-00,,0,,0.00,On-Hold,,0,,LOW,,0,0,1,default,0
39607,Tensei shitara Slime Datta Ken: Kanwa - Veldora Nikki,Special,1,0,1,2020-03-28,2020-03-28,,0,,0.00,Completed,,0,,LOW,,0,0,1,default,0
41488,Tensura Nikki: Tensei shitara Slime Datta Ken,TV,12,0,12,0000-00-00,0000-00-00,,8,,0.00,Completed,,0,,LOW,,0,0,1,default,0
41353,The God of High School,TV,13,0,13,0000-00-00,0000-00-00,,4,,0.00,Completed,,0,,LOW,,0,0,1,default,0
3455,To LOVE-Ru,TV,26,0,0,0000-00-00,0000-00-00,,0,,0.00,Plan to Watch,,0,,LOW,,0,0,1,default,0
22319,Tokyo Ghoul,TV,12,0,12,0000-00-00,0000-00-00,,9,,0.00,Completed,,0,,LOW,,0,0,1,default,0
27899,Tokyo Ghoul √A,TV,12,0,12,0000-00-00,0000-00-00,,9,,0.00,Completed,,0,,LOW,,0,0,1,default,0
36511,Tokyo Ghoul:re,TV,12,0,12,0000-00-00,0000-00-00,,4,,0.00,Completed,,0,,LOW,,0,0,1,default,0
41589,Tokyo Mew Mew New ♡,TV,12,0,2,0000-00-00,0000-00-00,,0,,0.00,Watching,,0,,LOW,,0,0,1,default,0
52305,Tomo-chan wa Onnanoko!,TV,0,0,0,0000-00-00,0000-00-00,,0,,0.00,Plan to Watch,,0,,LOW,,0,0,1,default,0
14227,Tonari no Kaibutsu-kun,TV,13,0,13,0000-00-00,0000-00-00,,4,,0.00,Completed,,0,,LOW,,0,0,1,default,0
18139,Tonari no Seki-kun,TV,21,0,21,0000-00-00,0000-00-00,,6,,0.00,Completed,,0,,LOW,,0,0,1,default,0
4224,Toradora!,TV,25,0,25,0000-00-00,0000-00-00,,8,,0.00,Completed,,0,,LOW,,0,0,1,default,0
43523,Tsuki ga Michibiku Isekai Douchuu,TV,12,0,0,0000-00-00,0000-00-00,,0,,0.00,Plan to Watch,,0,,LOW,,0,0,1,default,0
41226,Uzaki-chan wa Asobitai!,TV,12,0,3,0000-00-00,0000-00-00,,0,,0.00,Dropped,,0,,LOW,,0,0,1,default,0
33352,Violet Evergarden,TV,13,0,13,2020-02-11,2020-02-16,,9,,0.00,Completed,,0,,LOW,,0,0,1,default,0
46095,Vivy: Fluorite Eye's Song,TV,13,0,13,0000-00-00,0000-00-00,,10,,0.00,Completed,,0,,LOW,,0,0,1,default,0
16742,Watashi ga Motenai no wa Dou Kangaetemo Omaera ga Warui!,TV,12,0,12,0000-00-00,0000-00-00,,8,,0.00,Completed,,0,,LOW,,0,0,1,default,0
37993,Watashi ni Tenshi ga Maiorita!,TV,12,0,0,0000-00-00,0000-00-00,,0,,0.00,Plan to Watch,,0,,LOW,,0,0,1,default,0
37393,"Watashi, Nouryoku wa Heikinchi de tte Itta yo ne!",TV,12,0,12,0000-00-00,0000-00-00,,5,,0.00,Completed,,0,,LOW,,0,0,1,default,0
21085,Witch Craft Works,TV,12,0,12,0000-00-00,0000-00-00,,5,,0.00,Completed,,0,,LOW,,0,0,1,default,0
43299,Wonder Egg Priority,TV,12,0,12,0000-00-00,0000-00-00,,7,,0.00,Completed,,0,,LOW,,0,0,1,default,0
41094,Xian Wang de Richang Shenghuo,ONA,15,0,15,2021-11-03,2021-11-03,,7,,0.00,Completed,,0,,LOW,,0,0,1,default,0
50346,Yofukashi no Uta,TV,13,0,13,0000-00-00,0000-00-00,,7,,0.00,Completed,,0,,LOW,,0,0,1,default,0
32615,Youjo Senki,TV,12,0,12,0000-00-00,2019-12-21,,9,,0.00,Completed,,0,,LOW,,0,0,1,default,0
37055,Youjo Senki Movie,Movie,1,0,1,2020-01-10,2020-01-10,,8,,0.00,Completed,,0,,LOW,,0,0,1,default,0
35507,Youkoso Jitsuryoku Shijou Shugi no Kyoushitsu e,TV,12,0,12,0000-00-00,0000-00-00,,9,,0.00,Completed,,0,,LOW,,0,0,1,default,0
51096,Youkoso Jitsuryoku Shijou Shugi no Kyoushitsu e 2nd Season,TV,13,0,3,0000-00-00,0000-00-00,,0,,0.00,Watching,,0,,LOW,,0,0,1,default,0
34798,Yuru Camp△,TV,12,0,2,0000-00-00,0000-00-00,,0,,0.00,On-Hold,,0,,LOW,,0,0,1,default,0
10495,Yuru Yuri,TV,12,0,0,0000-00-00,0000-00-00,,0,,0.00,Plan to Watch,,0,,LOW,,0,0,1,default,0
50175,"Yuusha, Yamemasu",TV,12,0,12,0000-00-00,0000-00-00,,7,,0.00,Completed,,0,,LOW,,0,0,1,default,0
23283,Zankyou no Terror,TV,11,0,0,0000-00-00,0000-00-00,,0,,0.00,Plan to Watch,,0,,LOW,,0,0,1,default,0
34176,Zero kara Hajimeru Mahou no Sho,TV,12,0,0,0000-00-00,0000-00-00,,0,,0.00,Plan to Watch,,0,,LOW,,0,0,1,default,0
37976,Zombieland Saga,TV,12,0,12,0000-00-00,0000-00-00,,7,,0.00,Completed,,0,,LOW,,0,0,1,default,0
40174,Zombieland Saga Revenge,TV,12,0,12,0000-00-00,0000-00-00,,7,,0.00,Completed,,0,,LOW,,0,0,1,default,0
